Callset,Type,Recall,Precision,F1
DeepVarHap,INDEL,0.971115,0.9787,0.974893
DeepVar,INDEL,0.959307,0.969802,0.964526
DeepVar_retyped,INDEL,0.86467,0.945499,0.90328
GATK4_retyped,INDEL,0.838224,0.811081,0.824429
GATK4,INDEL,0.812509,0.790353,0.801278
DeepVar,SNP,0.999584,0.999202,0.999393
DeepVarHap,SNP,0.99963,0.99912,0.999375
DeepVar_retyped,SNP,0.99882,0.998841,0.99883
GATK4_retyped,SNP,0.997919,0.996925,0.997421
GATK4,SNP,0.995591,0.994671,0.995131
